"","","","","","","","","","","","","CDS","","",""
"","Expectativa de inflação para os próximos 12 meses ","Swap Pré 360","Juros Real","Selic","selic real exante","Selic Expost","","inf12meses","","Price","Open","High","Low","Change%",""
"Jan-04","5.95","15.82","8.91","16.32","9.338716752979","7.6928425634783","0.09338716752979","0.08","9.87","","","","","",""
"Feb-04","5.89","15.69","8.85","16.3","9.3782733206636","8.6253031021642","0.093782733206636","0.07","9.80","","","","","",""
"Mar-04","5.59","15.57","9.04","16.19","9.5704289718932","9.2842733828232","0.095704289718932","0.06","9.98","","","","","",""
"Apr-04","5.56","16.57","9.92","15.96","9.3932636469322","9.6821340877437","0.093932636469322","0.05","11.01","","","","","",""
"May-04","5.73","20.14","12.77","15.77","9.0680759442167","9.617593230893","0.090680759442167","0.05","14.40","","","","","",""
"Jun-04","6.16","17.79","10.39","15.8","8.6885776461942","8.7858993431958","0.086885776461942","0.06","11.62","","","","","",""
"Jul-04","6.34","18.49","10.82","15.77","8.4938309745403","8.0539050685027","0.084938309745403","0.07","12.15","","","","","",""
"Aug-04","6.29","18.56","10.93","15.86","8.6224187599994","7.7834081264452","0.086224187599994","0.07","12.27","","","","","",""
"Sep-04","6.27","17.66","10.18","16.09","8.8364803328993","8.4292438260849","0.088364803328993","0.07","11.39","","","","","",""
"Oct-04","6.21","18.12","10.62","16.41","9.1671930397731","8.5550582981787","0.091671930397731","0.07","11.90","","","","","",""
"Nov-04","6.23","17.76","10.30","16.96","9.6210577841061","8.6782065851689","0.096210577841061","0.07","11.53","","","","","",""
"Dec-04","6.13","17.02","9.77","17.5","10.175114176098","8.8011699461247","0.10175114176098","0.08","10.89","","","","","",""
"Jan-05","5.88","17.80","10.66","17.93","10.774437447219","9.3452614719503","0.10774437447219","0.07","11.91","","","","","",""
"Feb-05","5.67","17.41","10.54","18.47","11.435450601122","9.8219957742004","0.11435450601122","0.07","11.74","","","","","",""
"Mar-05","5.62","18.29","11.33","18.97","11.904513140436","10.103907343403","0.11904513140436","0.08","12.67","","","","","",""
"Apr-05","5.70","18.09","11.08","19.32","12.116149435585","9.9007471351113","0.12116149435585","0.08","12.39","","","","","",""
"May-05","5.60","17.55","10.73","19.61","12.462317360106","10.163396674172","0.12462317360106","0.08","11.96","","","","","",""
"Jun-05","5.12","17.18","10.86","19.75","13.028638545413","11.0078686646","0.13028638545413","0.07","12.05","","","","","",""
"Jul-05","4.92","17.56","11.38","19.72","13.195298939075","11.639009762923","0.13195298939075","0.07","12.64","","","","","",""
"Aug-05","4.82","17.76","11.63","19.75","13.312016480293","12.181839823961","0.13312016480293","0.06","12.93","","","","","",""
"Sep-05","4.77","17.01","11.05","19.61","13.24871592751","12.044928970513","0.1324871592751","0.06","12.24","","","","","",""
"Oct-05","4.72","17.25","11.30","19.25","12.990813526613","11.43533028748","0.12990813526613","0.06","12.53","","","","","",""
"Nov-05","4.63","16.65","10.88","18.87","12.764315122179","11.255300580775","0.12764315122179","0.06","12.02","","","","","",""
"Dec-05","4.51","15.73","10.20","18.24","12.342499802918","11.220869916546","0.12342499802918","0.06","11.22","","","","","",""
"Jan-06","4.57","15.27","9.75","17.65","11.790088056296","10.710693873651","0.11790088056296","0.06","10.70","","","","","",""
"Feb-06","4.51","14.58","9.21","17.28","11.532932098815","10.574810695639","0.11532932098815","0.06","10.08","","","","","",""
"Mar-06","4.35","14.63","9.40","16.74","11.217360708574","10.29237974924","0.11217360708574","0.05","10.28","","","","","",""
"Apr-06","4.17","14.63","9.57","16.19","10.918126977526","10.476591490803","0.10918126977526","0.05","10.46","","","","","",""
"May-06","4.09","15.99","10.83","15.7","10.573599100966","10.442830065259","0.10573599100966","0.04","11.90","","","","","",""
"Jun-06","4.09","15.30","10.23","15.18","10.123563776599","10.182597662068","0.10123563776599","0.04","11.21","","","","","",""
"Jul-06","4.25","14.75","9.60","14.98","9.7970907301018","10.068673765281","0.097970907301018","0.04","10.50","","","","","",""
"Aug-06","4.41","14.12","8.89","14.66","9.3637442841886","9.9098446531833","0.093637442841886","0.04","9.71","","","","","",""
"Sep-06","4.19","13.86","8.88","14.17","9.1482008160285","9.6211875911941","0.091482008160285","0.04","9.67","","","","","",""
"Oct-06","3.98","13.17","8.48","13.95","9.1593240696919","9.846051380467","0.091593240696919","0.03","9.20","","","","","",""
"Nov-06","4.08","12.92","8.15","13.65","8.7949304207378","9.8214033734796","0.087949304207378","0.03","8.84","","","","","",""
"Dec-06","4.11","12.32","7.59","13.19","8.3614987556578","9.2963324858906","0.083614987556578","0.03","8.21","","","","","",""
"Jan-07","4.04","12.24","7.58","13.13","8.3757790418463","9.3925417009815","0.083757790418463","0.03","8.20","12.46","12.55","12.55","12.55","-0.0158",""
"Feb-07","3.90","11.94","7.45","12.93","8.3301831178888","9.1857244408979","0.083301831178888","0.03","8.04","12.12","11.89","12.12","11.89","-0.0273",""
"Mar-07","3.76","11.60","7.29","12.74","8.3025646578969","9.0770978906368","0.083025646578969","0.03","7.84","11.78","11.78","11.78","11.78","-0.0281",""
"Apr-07","3.63","10.93","6.81","12.58","8.2861341419083","8.8951694172378","0.082861341419083","0.03","7.30","10.78","10.78","10.78","10.78","-0.0849",""
"May-07","3.44","10.49","6.60","12.43","8.3365437391272","8.5821832929248","0.083365437391272","0.03","7.06","10.272","10.272","10.272","10.272","-0.0471",""
"Jun-07","3.44","10.61","6.71","12.03","7.9789459372266","7.7359424344341","0.079789459372266","0.04","7.18","10.78","10.78","10.78","10.78","0.0495",""
"Jul-07","3.50","11.05","7.04","11.73","7.6561944199493","7.4179051016314","0.076561944199493","0.04","7.55","11.188","11.188","11.188","11.188","0.0378",""
"Aug-07","3.67","11.79","7.54","11.43","7.2167038226233","6.730128107155","0.072167038226233","0.04","8.12","12.022","12.022","12.022","12.022","0.0745",""
"Sep-07","3.77","11.36","7.06","11.22","6.9313022565835","6.5714327912772","0.069313022565835","0.04","7.59","11.408","11.408","11.408","11.408","-0.0511",""
"Oct-07","3.74","11.53","7.24","11.18","6.9223307129618","6.5653673648309","0.069223307129618","0.04","7.79","11.74","11.739","11.74","11.739","0.0291",""
"Nov-07","3.80","12.10","7.69","11.18","6.8698989765002","6.4956080316915","0.068698989765002","0.04","8.30","12.48","12.56","12.56","12.48","0.063",""
"Dec-07","4.18","12.80","7.94","11.18","6.499674207285","6.2371842719299","0.06499674207285","0.04","8.61","12.998","13.096","13.096","12.998","0.0415",""
"Jan-08","4.42","12.75","7.68","11.18","6.2759753355405","6.1376718744254","0.062759753355405","0.05","8.33","12.998","12.998","12.998","12.998","0",""
"Feb-08","4.32","12.47","7.52","11.18","6.3642005532506","6.0879032972771","0.063642005532506","0.05","8.15","12.581","12.581","12.581","12.581","-0.0321",""
"Mar-08","4.31","13.30","8.28","11.18","6.3826416406509","5.9783688078591","0.063826416406509","0.05","9.00","13.335","13.335","13.335","13.335","0.0599",""
"Apr-08","4.45","13.71","8.50","11.37","6.4172298802323","5.8503119926294","0.064172298802323","0.05","9.26","13.734","13.734","13.734","13.734","0.0299",""
"May-08","4.77","14.19","8.61","11.63","6.3460539258595","5.5762088471232","0.063460539258595","0.06","9.42","13.715","13.715","13.715","13.715","-0.0014",""
"Jun-08","5.21","15.34","9.19","12.09","6.3357345590599","5.5297710450184","0.063357345590599","0.06","10.13","15.103","15","15.103","15","0.1012",""
"Jul-08","5.53","14.80","8.41","12.36","6.2683890034662","5.4814712823706","0.062683890034662","0.06","9.26","14.028","14.028","14.028","14.028","-0.0712",""
"Aug-08","5.27","14.39","8.31","12.92","7.0187313900823","6.1679216157082","0.070187313900823","0.06","9.13","13.837","13.837","13.837","13.837","-0.0136",""
"Sep-08","5.12","14.45","8.50","13.39","7.5687409556865","6.5034572849656","0.075687409556865","0.06","9.33","14.14","13.88","14.14","13.88","0.0219",""
"Oct-08","5.18","16.01","9.80","13.66","7.753010034114","6.5918508441829","0.07753010034114","0.06","10.83","17.38","17.38","17.38","17.38","0.2291",""
"Nov-08","5.43","15.12","8.80","13.64","7.4974104048845","6.5941792287407","0.074974104048845","0.06","9.69","16.77","17.82","17.84","16.77","-0.0351",""
"Dec-08","5.15","12.19","6.48","13.66","7.7819310900751","7.0694438197807","0.077819310900751","0.06","7.04","12.36","13.56","14.191","12.36","-0.263",""
"Jan-09","4.81","11.54","6.23","13.32","7.8089204881892","6.8295532835688","0.078089204881892","0.06","6.73","12.86","13.29","13.44","12.06","0.0405",""
"Feb-09","4.69","11.02","5.87","12.66","7.3354911244196","6.1857395182147","0.073354911244196","0.06","6.33","11.75","12.74","12.86","11.75","-0.0863",""
"Mar-09","4.33","10.41","5.66","11.7","6.8231613107581","5.6090181859858","0.068231613107581","0.06","6.08","12.03","12","12.09","11.21","0.0238",""
"Apr-09","4.18","10.79","6.15","11.11","6.443412554297","5.1490590879393","0.06443412554297","0.06","6.61","12.63","12.6","12.78","11.81","0.0499",""
"May-09","4.14","10.14","5.60","10.16","5.6154496557186","4.6083712596439","0.056154496557186","0.05","5.99","11.74","11.85","11.96","10.95","-0.0705",""
"Jun-09","4.07","10.58","6.06","9.54","5.1207727174109","4.4218856350897","0.051207727174109","0.05","6.51","12.41","12.38","12.49","12.38","0.0571",""
"Jul-09","4.10","10.62","6.07","9.01","4.6050056951276","4.2257577965105","0.046050056951276","0.04","6.52","12.29","12.33","12.43","11.436","-0.0097",""
"Aug-09","4.02","10.71","6.23","8.65","4.3516473751418","4.0246874705542","0.043516473751418","0.04","6.68","12.3","12.395","12.435","11.47","0.0008",""
"Sep-09","4.10","11.24","6.64","8.65","4.2761433824274","4.0446375953086","0.042761433824274","0.04","7.14","12.394","12.435","12.505","12.36","0.0076",""
"Oct-09","4.28","11.46","6.67","8.65","4.1084083369875","4.2140193923937","0.041084083369875","0.04","7.19","12.694","12.805","12.825","12.69","0.0242",""
"Nov-09","4.34","11.77","6.88","8.65","4.0505661677955","4.1642111530814","0.040505661677955","0.04","7.43","12.79","12.91","13","12.77","0.0076",""
"Dec-09","4.39","11.84","6.90","8.65","4.0019593022948","4.0745026995197","0.040019593022948","0.04","7.45","12.79","12.87","12.92","11.969","0",""
"Jan-10","4.55","11.74","6.65","8.65","3.8447151407704","3.8061528888293","0.038447151407704","0.05","7.18","12.76","12.8","12.83","12.75","-0.0023",""
"Feb-10","4.61","11.74","6.59","8.65","3.7855382921707","3.5776721854502","0.037855382921707","0.05","7.13","","","","","",""
"Mar-10","4.62","11.81","6.64","8.65","3.7776189841433","3.2588197829875","0.037776189841433","0.05","7.18","","","","","",""
"Apr-10","4.77","12.46","7.08","8.72","3.6989209226217","3.2336961233824","0.036989209226217","0.05","7.69","","","","","",""
"May-10","4.85","12.16","6.73","9.4","4.2439258756314","3.8970289447792","0.042439258756314","0.05","7.30","","","","","",""
"Jun-10","4.78","12.17","6.82","9.94","4.8076393132325","4.7487697402556","0.048076393132325","0.05","7.39","","","","","",""
"Jul-10","4.86","11.74","6.35","10.32","5.0724428669609","5.3235298054476","0.050724428669609","0.05","6.88","","","","","",""
"Aug-10","4.99","11.44","5.96","10.66","5.2571353780571","5.7411458141803","0.052571353780571","0.04","6.45","","","","","",""
"Sep-10","5.16","11.85","6.16","10.66","5.0952268494131","5.5318677468672","0.050952268494131","0.05","6.68","","","","","",""
"Oct-10","5.34","11.72","5.88","10.66","4.9288209735077","5.0642749931972","0.049288209735077","0.05","6.38","","","","","",""
"Nov-10","5.41","12.28","6.32","10.66","4.8619159453058","4.6468623418193","0.048619159453058","0.06","6.87","","","","","",""
"Dec-10","5.51","12.12","6.07","10.66","4.7615495449245","4.388155729866","0.047615495449245","0.06","6.60","","","","","",""
"Jan-11","5.53","12.76","6.63","10.85","4.9178151018838","4.4803326312685","0.049178151018838","0.06","7.23","","","","","",""
"Feb-11","5.59","12.61","6.44","11.17","5.1520568191909","4.7487519111072","0.051520568191909","0.06","7.03","","","","","",""
"Mar-11","5.48","12.65","6.57","11.62","5.6533739797871","4.8844771534441","0.056533739797871","0.06","7.17","","","","","",""
"Apr-11","5.55","12.72","6.57","11.74","5.6950079236092","4.7932580369234","0.056950079236092","0.07","7.16","","","","","",""
"May-11","5.28","12.45","6.59","11.92","6.1182450468329","4.9143958626482","0.061182450468329","0.07","7.17","","","","","",""
"Jun-11","5.07","12.63","6.95","12.1","6.4778131847787","4.9252082223635","0.064778131847787","0.07","7.57","","","","","",""
"Jul-11","5.27","12.64","6.77","12.25","6.4222666192388","4.909055240452","0.064222666192388","0.07","7.37","","","","","",""
"Aug-11","5.44","11.16","5.28","12.42","6.4141022742825","4.7310631539795","0.064141022742825","0.07","5.72","","","","","",""
"Sep-11","5.70","10.63","4.56","11.91","5.7058548657861","4.1967651639416","0.057058548657861","0.07","4.93","","","","","",""
"Oct-11","5.64","10.52","4.52","11.7","5.5741754917778","4.327061430618","0.055741754917778","0.07","4.88","","","","","",""
"Nov-11","5.56","9.83","3.96","11.4","5.3852552511946","4.3660453453941","0.053852552511946","0.07","4.27","","","","","",""
"Dec-11","5.40","10.48","4.71","10.9","5.0887821358892","4.0454716763191","0.050887821358892","0.07","5.08","","","","","",""
"Jan-12","5.31","10.05","4.40","10.7","4.9898193426797","4.1331028244592","0.049898193426797","0.06","4.73","11.05","10.994","11.1","10.96","-0.134",""
"Feb-12","5.28","9.82","4.22","10.4","4.7476667915716","4.2095586749321","0.047476667915716","0.06","4.54","10.93","10.95","10.95","10.81","-0.0109",""
"Mar-12","5.39","9.69","3.99","9.82","4.1127465198869","4.2599275053602","0.041127465198869","0.05","4.29","10.804","10.8","10.82","10.7","-0.0115",""
"Apr-12","5.51","8.96","3.21","9.35","3.571957904914","3.9601259665833","0.03571957904914","0.05","3.45","10.12","10.04","10.194","10.014","-0.0633",""
"May-12","5.56","8.48","2.73","8.87","3.0896528683687","3.6297476412146","0.030896528683687","0.05","2.92","9.835","9.53","9.874","9.53","-0.0282",""
"Jun-12","5.44","8.17","2.55","8.39","2.75795370745","3.2577996299887","0.0275795370745","0.05","2.73","9.28","9.524","9.564","9.26","-0.0564",""
"Jul-12","5.50","8.17","2.50","8.07","2.4055287019324","2.6929267733844","0.024055287019324","0.05","2.67","8.9","9.08","9.08","8.88","-0.0409",""
"Aug-12","5.61","8.29","2.51","7.85","2.0996542850074","2.4493029188299","0.020996542850074","0.05","2.68","8.96","8.97","9.08","8.93","0.0067",""
"Sep-12","5.65","8.16","2.35","7.39","1.6335323808059","1.9820912184199","0.016335323808059","0.05","2.51","8.995","9.135","9.135","8.982","0.0039",""
"Oct-12","5.52","7.65","2.00","7.23","1.611862946183","1.6738022805129","0.01611862946183","0.05","2.14","8.6","8.65","8.69","8.585","-0.0439",""
"Nov-12","5.36","7.75","2.24","7.14","1.6739096217082","1.5102808035641","0.016739096217082","0.06","2.39","8.85","8.81","8.88","8.77","0.0291",""
"Dec-12","5.51","7.62","1.98","7.16","1.5559960417727","1.2408045391579","0.015559960417727","0.06","2.11","8.51","8.61","8.61","8.5","-0.0384",""
"Jan-13","5.66","7.92","2.12","7.11","1.3655764153995","0.89624921251216","0.013655764153995","0.06","2.26","8.95","8.94","9.01","8.89","0.0517",""
"Feb-13","5.54","8.36","2.64","7.12","1.4875465330984","0.75636833268051","0.014875465330984","0.06","2.82","9.09","9.14","9.161","9.06","0.0156",""
"Mar-13","5.55","8.56","2.82","7.15","1.5068633362891","0.52525124594886","0.015068633362891","0.07","3.01","9.54","9.4","9.55","9.37","0.0495",""
"Apr-13","5.54","8.28","2.56","7.26","1.6144231535166","0.71732608281508","0.016144231535166","0.06","2.74","9","9","9.04","8.985","-0.0566",""
"May-13","5.61","9.12","3.27","7.42","1.7033902115071","0.85642154231978","0.017033902115071","0.07","3.51","9.97","9.72","10.01","9.69","0.1078",""
"Jun-13","5.70","10.23","4.19","7.9","2.0571597576852","1.1225757533272","0.020571597576852","0.07","4.52","11.02","10.85","11.08","10.765","0.1053",""
"Jul-13","5.70","9.95","3.94","8.23","2.3694833920081","1.8270303984396","0.023694833920081","0.06","4.25","10.77","10.89","10.95","10.75","-0.0227",""
"Aug-13","5.93","11.15","4.81","8.45","2.3467829601649","2.1995442253757","0.023467829601649","0.06","5.22","12.05","11.96","12.05","11.82","0.1188",""
"Sep-13","6.13","10.91","4.40","8.9","2.574283811568","2.832616213383","0.02574283811568","0.06","4.77","11.45","11.69","11.69","11.44","-0.0498",""
"Oct-13","6.22","11.06","4.46","9.25","2.813051221717","3.1733812860472","0.02813051221717","0.06","4.84","11.74","11.63","11.74","11.63","0.0253",""
"Nov-13","6.18","11.60","4.99","9.45","3.0379147769537","3.4159402254854","0.030379147769537","0.06","5.43","12.61","12.5","12.67","12.5","0.0741",""
"Dec-13","6.10","11.55","5.01","9.9","3.5179839572126","3.6973460289488","0.035179839572126","0.06","5.45","12.9","12.84","12.9","12.84","0.023",""
"Jan-14","6.04","12.56","5.97","10.17","3.8203959393235","4.2505526661803","0.038203959393235","0.06","6.52","13.18","13.2","13.36","13.16","0.0217",""
"Feb-14","6.09","11.91","5.34","10.43","4.0127036988889","4.3968503106985","0.040127036988889","0.06","5.82","12.51","12.28","12.53","12.24","-0.0508",""
"Mar-14","6.30","12.15","5.36","10.65","4.0131537607499","4.148978524637","0.040131537607499","0.06","5.86","12.65","12.622","12.66","12.56","0.0112",""
"Apr-14","6.26","12.02","5.28","10.87","4.2422369473606","4.2283338010901","0.042422369473606","0.06","5.76","12.36","12.44","12.45","12.32","-0.0229",""
"May-14","6.06","11.51","5.01","10.9","4.4650861939644","4.1657608086772","0.044650861939644","0.06","5.45","11.79","11.89","11.93","11.78","-0.0461",""
"Jun-14","6.00","11.34","4.92","10.9","4.5166215616713","4.0262212664501","0.045166215616713","0.07","5.34","11.88","11.79","11.9","11.77","0.0076",""
"Jul-14","5.98","12.14","5.66","10.9","4.5407215181517","4.0462172673165","0.045407215181517","0.07","6.17","11.74","11.72","11.82","11.66","-0.0118",""
"Aug-14","6.10","11.17","4.66","10.9","4.4201968454528","4.03624170743","0.044201968454528","0.07","5.06","11.26","11.26","11.36","11.15","-0.0409",""
"Sep-14","6.27","12.15","5.39","10.9","4.2684365140284","3.8172489860258","0.042684365140284","0.07","5.89","12.415","12.52","12.66","12.35","0.1026",""
"Oct-14","6.37","12.30","5.43","10.92","4.1857026706986","3.9845428101343","0.041857026706986","0.07","5.93","12.13","12.18","12.33","12.09","-0.023",""
"Nov-14","6.49","12.19","5.21","11.15","4.278729978677","4.2215280991752","0.04278729978677","0.07","5.70","11.97","12.03","12.14","11.97","-0.0132",""
"Dec-14","6.67","12.91","5.69","11.58","4.5010388277253","4.7464663519334","0.045010388277253","0.06","6.24","12.75","12.9","12.92","12.74","0.0652",""
"Jan-15","6.80","12.46","5.16","11.82","4.5968179407175","4.2774457242189","0.045968179407175","0.07","5.66","12.24","12.1","12.29","12.1","-0.04",""
"Feb-15","6.79","12.74","5.42","12.15","4.8941758360989","4.0471406751498","0.048941758360989","0.08","5.95","12.47","12.76","12.76","12.47","0.0188",""
"Mar-15","6.87","13.31","5.86","12.58","5.2072204004543","4.0342524460544","0.052072204004543","0.08","6.44","13.175","13.34","13.46","13.14","0.0565",""
"Apr-15","6.31","13.37","6.43","12.68","5.8197291945132","4.0833128514114","0.058197291945132","0.08","7.06","12.855","12.74","12.945","12.69","-0.0243",""
"May-15","6.09","13.08","6.39","13.15","6.4464286155539","4.2212255589882","0.064464286155539","0.08","6.99","12.41","12.35","12.51","12.29","-0.0346",""
"Jun-15","6.23","13.62","6.73","13.58","6.6865019208298","4.2128380850465","0.066865019208298","0.09","7.39","12.765","12.925","12.925","12.725","0.0286",""
"Jul-15","6.04","13.11","6.45","13.69","6.9638564052893","3.7015528467446","0.069638564052893","0.10","7.07","12.87","12.98","12.98","12.76","0.0082",""
"Aug-15","5.73","14.16","7.67","14.15","7.6611186817602","4.1352751957335","0.076611186817602","0.10","8.42","14.18","13.875","14.235","13.875","0.1018",""
"Sep-15","5.88","15.80","8.96","14.15","7.5184508597535","4.1651096149295","0.075184508597535","0.09","9.92","15.53","16.05","16.05","15.43","0.0952",""
"Oct-15","6.46","15.85","8.46","14.15","6.9779829487913","3.7675738101369","0.069779829487913","0.10","9.40","15.86","16.17","16.17","15.82","0.0212",""
"Nov-15","6.90","16.17","8.32","14.15","6.5661651247119","3.2713441296925","0.065661651247119","0.10","9.27","15.96","15.95","16.06","15.82","0.0063",""
"Dec-15","7.12","16.54","8.43","14.15","6.3584888465394","3.0928965756474","0.063584888465394","0.11","9.42","16.56","16.48","16.57","16.46","0.0376",""
"Jan-16","7.15","15.23","7.28","14.15","6.3325649138312","3.0632684089204","0.063325649138312","0.11","8.09","15.69","15.92","15.92","15.58","-0.0525",""
"Feb-16","7.05","14.71","6.91","14.15","6.4178026379972","3.3799122515573","0.064178026379972","0.10","7.66","15.51","15.77","15.77","15.39","-0.0115",""
"Mar-16","6.73","13.79","6.41","14.15","6.7219609756113","4.26219802438","0.067219609756113","0.09","7.06","13.83","13.63","13.91","13.6","-0.1083",""
"Apr-16","6.37","12.61","5.71","14.15","7.0632096768349","4.3615423599894","0.070632096768349","0.09","6.25","12.32","12.54","12.56","12.31","-0.1092",""
"May-16","6.14","12.79","6.07","14.15","7.2709532207437","4.3218440664946","0.072709532207437","0.09","6.64","12.85","12.89","12.93","12.73","0.043",""
"Jun-16","6.03","12.67","6.08","14.15","7.382988334482","4.7593509789385","0.07382988334482","0.09","6.64","12.08","12.17","12.22","12","-0.0599",""
"Jul-16","5.83","12.50","6.12","14.15","7.5706337710346","4.8587842177166","0.075706337710346","0.09","6.68","11.97","12.11","12.11","11.95","-0.0091",""
"Aug-16","5.50","12.39","6.33","14.15","7.8827147338406","4.6395077419361","0.078827147338406","0.09","6.89","12.03","12.13","12.14","12.01","0.005",""
"Sep-16","5.23","11.74","6.00","14.15","8.1355891794093","5.0980869525134","0.081355891794093","0.08","6.51","11.5","11.57","11.66","11.48","-0.0441",""
"Oct-16","5.00","11.60","6.10","14.05","8.2705170409616","5.5674382098854","0.082705170409616","0.08","6.60","11.29","11.36","11.36","11.24","-0.0183",""
"Nov-16","4.88","11.60","6.21","13.9","8.2508798362222","6.2609257733216","0.082508798362222","0.07","6.72","11.75","11.83","11.99","11.67","0.0407",""
"Dec-16","4.77","11.04","5.80","13.65","8.1321371474174","6.6970641403645","0.081321371474174","0.06","6.26","11.37","11.48","11.48","11.335","-0.0323",""
"Jan-17","4.74","10.36","5.23","13.17","7.744040284058","7.1565437200349","0.07744040284058","0.05","5.62","10.63","10.63","10.735","10.6","-0.0651",""
"Feb-17","4.63","9.86","4.88","12.82","7.5395169720667","7.4133126956371","0.075395169720667","0.05","5.23","10.06","10.11","10.12","10.02","-0.0536",""
"Mar-17","4.50","9.55","4.72","12.15","7.063354730333","6.9970660829327","0.07063354730333","0.05","5.05","9.88","9.89","9.9","9.775","-0.0179",""
"Apr-17","4.49","9.46","4.64","11.59","6.5702850034902","6.964728946288","0.065702850034902","0.04","4.97","9.93","10.04","10.065","9.9","0.0051",""
"May-17","4.61","8.92","4.03","11.15","6.0615420533776","7.0371022032534","0.060615420533776","0.04","4.31","10.655","10.77","10.77","10.57","0.073",""
"Jun-17","4.36","9.04","4.39","10.15","5.4028554207967","6.7129993187612","0.054028554207967","0.03","4.68","10.305","10.46","10.56","10.27","-0.0328",""
"Jul-17","4.34","8.43","3.84","10.01","5.2889090525899","6.8647592778183","0.052889090525899","0.03","4.09","9.73","9.74","9.8","9.63","-0.0558",""
"Aug-17","4.48","7.80","3.12","9.15","4.3694126857445","6.3291556041004","0.043694126857445","0.02","3.32","9.61","9.72","9.77","9.56","-0.0123",""
"Sep-17","4.05","6.53","2.36","8.15","3.8633183517252","5.3288584250986","0.038633183517252","0.03","2.48","9.27","9.33","9.355","9.22","-0.0354",""
"Oct-17","4.05","7.50","3.26","7.4","3.1698745880037","4.4735035155481","0.031698745880037","0.03","3.45","9.49","9.275","9.62","9.215","0.0237",""
"Nov-17","3.99","6.61","2.49","7.4","3.2265441402623","4.3737329794859","0.032265441402623","0.03","2.62","","","","","",""
"Dec-17","3.80","5.47","1.59","6.9","2.9427847299211","3.7676126429599","0.029427847299211","0.03","1.67","","","","","",""
"Jan-18","3.98","6.80","2.68","6.9","2.769524507543","3.857312155627","0.02769524507543","0.03","2.82","","","","","",""
"Feb-18","3.7295784743697","6.70","2.82","7.00","3.1041528707428","3.9607814040087","0.031041528707428","0.03","2.97","","","","","",""
"Mar-18","3.8932210001788","6.60","2.57","6.75","2.7126001558704","3.8865916642666","0.027126001558704","0.03","2.71","","","","","",""
"Apr-18","3.9028386967478","6.7138479852522","2.67","6.75","2.7033432945131","3.8067354012886","0.027033432945131","0.03","2.81","","","","","",""
"May-18","3.5174075007654","7.74","4.00","6.50","2.8405198172949","3.4825870691397","0.028405198172949","0.03","4.22","","","","","",""
"Jun-18","3.5367143837291","7.24","3.51","6.50","2.8218707000072","2.000194107505","0.028218707000072","0.04","3.70","","","","","",""
"Jul-18","3.6717582935163","7.3","3.44","6.50","2.6915247472936","1.9104498725342","0.026915247472936","0.04","3.63","","","","","",""
"Aug-18","3.8162461094349","7.96","3.91","6.50","2.5522513086293","2.1903101251586","0.025522513086293","0.04","4.14","","","","","",""
"Sep-18","3.8739828315931","7.5","3.43","6.50","2.4966524256776","1.8713305883486","0.024966524256776","0.05","3.63","","","","","",""
"Oct-18","3.9220713153281","6.65","2.59","6.50","2.4503681160058","1.8414605229102","0.024503681160058","0.05","2.73","","","","","",""
"Nov-18","3.9413002356835","7","2.90","6.50","2.431866616423","2.3312900622974","0.02431866616423","0.04","3.06","","","","","",""
"Dec-18","3.9220713153281","6.57","2.52","6.50","2.4503681160058","2.6204372800531","0.024503681160058","0.04","2.65","","","","","",""
"Jan-19","3.7295784743697","6.44","2.58","6.50","2.6357679395002","2.5905285016037","0.026357679395002","0.04","2.71","","","","","",""
"Feb-19","3.7295784743697","6.71","2.83","6.50","2.6357679395002","2.48093944954","0.026357679395002","0.04","2.98","","","","","",""
"Mar-19","3.825871211709","6.56","2.60","6.50","2.5429804512472","1.8236974899535","0.025429804512472","0.05","2.73","","","","","",""
"Apr-19","3.7295784743697","6.5","2.64","6.50","2.6357679395002","1.4750741974724","0.026357679395002","0.05","2.77","","","","","",""
"May-19","3.5367143837291","6.3","2.63","6.50","2.8218707000072","1.7443607512642","0.028218707000072","0.05","2.76","","","","","",""
"Jun-19","3.5367143837291","5.9","2.26","6.50","2.8218707000072","2.986489306598","0.028218707000072","0.03","2.36","","","","","",""
"Jul-19","3.5367143837291","5.5","1.88","6.50","2.8218707000072","3.126126273233","0.028218707000072","0.03","1.96","","","","","",""
"Aug-19","3.469123978993","5.43","1.88","6.00","2.4165844956167","2.4555571008452","0.024165844956167","0.03","1.96","","","","","",""
"Sep-19","3.430480369199","4.85","1.36","5.50","1.9811253147761","2.5016026565643","0.019811253147761","0.03","1.42","","","","","",""
"Oct-19","3.4401426717332","4.5","1.02","5.00","1.4967236424443","2.3755828746813","0.014967236424443","0.03","1.06","","","","","",""
"Nov-19","3.5367143837291","4.5970779852522","1.02","4.75","1.1650280652839","1.418279025111","0.011650280652839","0.03","1.06","","","","","",""
"Dec-19","3.5367143837291","4.6","1.02","4.50","0.92607932554575","0.18578013518011","0.0092607932554575","0.04","1.06","","","","","",""
"Jan-20","3.3434776086237","4.25","0.87","4.50","1.1128897006146","0.29548941661743","0.011128897006146","0.04","0.91","","","","","",""
"Feb-20","3.4401426717332","4.29","0.82","4.25","0.77987469458305","0.23535846587885","0.0077987469458305","0.04","0.85","","","","","",""
"Mar-20","3.1498667059371","3.45","0.29","3.75","0.58012118296014","0.43181428151135","0.0058012118296014","0.03","0.30","","","","","",""
"Apr-20","3.0529205034823","3.2","0.14","3.25","0.19105842611168","0.82758469672242","0.0019105842611168","0.02","0.15","","","","","",""
"May-20","3.1498667059371","2.7","-0.44","3.25","0.09702845599357","1.3382241041799","0.0009702845599357","0.02","-0.45","","","","","",""
"Jun-20","3.1498667059371","2.5","-0.63","3.00","-0.14539590515706","0.84613665833595","-0.0014539590515706","0.02","-0.65","","","","","",""
"Jul-20","3.23","2.5","-0.71","2.25","-0.95387135545876","-0.054216495041522","-0.0095387135545876","0.02","-0.73","","","","","",""
"Aug-20","3","2.2","-0.78","2.25","-0.73081933067247","-0.18398941068357","-0.0073081933067247","0.02","-0.80","","","","","",""
"Sep-20","3.23","2.3139929852522","-0.89","2.00","-1.1986695193228","-1.1067562730854","-0.011986695193228","0.03","-0.92","","","","","",""
"Oct-20","3.5","2.4987183131429","-0.97","2.00","-1.4598799421153","-1.8631293058259","-0.014598799421153","0.04","-1.00","","","","","",""
"Nov-20","3.8","2.6714352125238","-1.09","2.00","-1.7493157447517","-2.2404882441898","-0.017493157447517","0.04","-1.13","","","","","",""
"Dec-20","3.6","2.8164362095595","-0.76","2.00","-1.5564516541112","-2.4380191726153","-0.015564516541112","0.05","-0.78","","","","","",""
"Jan-21","3.8","4","0.19","2.00","-1.7493157447517","-2.4779273842593","-0.017493157447517","0.05","0.20","","","","","",""
"Feb-21","3.84","4.39","0.53","2.75","-1.0552399579436","-2.3519584212421","-0.010552399579436","0.05","0.55","","","","","",""
"Mar-21","4.17","5.23","1.01","2.75","-1.3725326620013","-3.2076850360825","-0.013725326620013","0.06","1.06","","","","","",""
"Apr-21","4.1","5.14","0.99","3.50","-0.57803629154994","-3.1004110892526","-0.0057803629154994","0.07","1.04","","","","","",""
"May-21","4.19","5.6","1.34","4.25","0.057570525481843","-3.5856845679026","0.00057570525481843","0.08","1.41","","","","","",""
"Jun-21","4.22","6.25","1.93","4.25","0.028781119784223","-3.8546224260997","0.00028781119784223","0.08","2.03","","","","","",""
"Jul-21","4.38","7.44","2.89","5.00","0.59222639422562","-3.7338412077066","0.0059222639422562","0.09","3.06","","","","","",""
"Aug-21","4.41","8","3.38","5.25","0.80130162604718","-4.122553815103","0.0080130162604718","0.10","3.59","","","","","",""
"Sep-21","4.93","8.78","3.60","6.25","1.2501346634707","-3.6922831758629","0.012501346634707","0.10","3.85","","","","","",""
"Oct-21","4.9","11.85","6.42","7.75","2.6806213581606","-2.6763199917367","0.026806213581606","0.11","6.95","","","","","",""
"Nov-21","5","11.79","6.27","7.75","2.5853378826334","-2.7357730255926","0.025853378826334","0.11","6.79","","","","","",""
"Dec-21","5","11.8","6.28","9.25","3.9678483818176","-0.73964223206639","0.039678483818176","0.10","6.80","","","","","12.35",""
"Jan-22","5.2","12.42","6.64","10.75","5.1412108621635","0.33515605511306","0.051412108621635","0.10","7.22","","","","","0.19","0.066378557270319"
"Feb-22","5.29","12.65","6.76","10.75","5.0556961056577","0.18654553586169","0.050556961056577","0.11","7.36","","","","","12.16","0.067567219009586"
"Mar-22","5.76","13.4","6.97","11.75","5.5091857390302","0.40411210122324","0.055091857390302","0.11","7.64","","","","","","0.069749015190275"
"Apr-22","5.5","13.4","7.22","11.75","5.7553280577557","-0.33089319420034","0.057553280577557","0.12","7.90","","","","","","0.07221043837753"
"May-22","5.64","13.48","7.16","12.25","6.0691439193432","0.47321161175831","0.060691439193432","0.12","7.84","","","0.071589522511719","","","0.071589522511719"
"Jun-22","5.79","13.8","7.30","13.75","7.2547060832377","1.6614997002276","0.072547060832376","0.12","8.01","","","0.072986524693547","","","0.072986524693547"
"Jul-22","5.24","13.9","7.91","13.75","7.7759601658968","3.2992435155213","0.077759601658968","0.10058343724391","8.66","","","0.079077414281044","","","0.079077414281044"
"Aug-22","5.71","13.78","7.36","13.75","7.3303562050488","4.5261303827977","0.073303562050488","0.087163018607943","","","","0.07356726354193","","","0.07356726354193"
"Sep-22","5.1","13.75","7.91","13.75","7.9090779948154","5.969875278904","0.079090779948154","0.071579918795947","","","","0.079090779948154","","","0.079090779948154"
"Oct-22","5.24","13.28","7.36","13.75","7.7759601658968","6.6238609629442","0.077759601658968","0.064594805251203","","","","0.073619173773318","","","0.073619173773318"
"Nov-22","5.13","13.95","8.06","13.75","7.880537824332","7.1602150496944","0.07880537824332","0.058900093068581","","","","0.080562076103954","","","0.080562076103954"
"Dec-22","5.3","13.5","7.50","13.75","7.718963869113","7.3071785294666","0.07718963869113","0.057345039604725","","","","0.074989417781528","","","0.074989417781528"
"Jan-23","5.63","13.64","7.31","13.75","7.4060635995989","7.3114383086625","0.074060635995989","0.0573","","","","0.073093135150916","","","0.073093135150916"
"Feb-23","5.5","13.35","7.18","13.75","7.5292104914939","12.883287184297","0.075292104914939","","","","","0.071769424037417","","","0.071769424037417"
"Mar-23","5.36","12.9","6.91","13.75","7.6620000396034","12.883287184297","0.076620000396034","","","","","0.069119413720591","","","0.069119413720591"
"Apr-23","5.26","12.6","6.74","13.75","7.7569577905427","12.883287184297","0.077569577905427","","","","","0.067408235779957","","","0.067408235779957"
"May-23","4.77","12.46","7.08","13.75","8.2235586466186","12.883287184297","0.082235586466186","","0.068434171509084","0.017108542877271","","","","","0.070830131499182"
"Jun-23","4.18","11.89","7.14","13.75","8.7882885514014","12.883287184297","0.087882885514014","","","","","","","","0.071396073502584"
"Jul-23","4.11","11.5","6.86","13.75","8.8555025344398","12.883287184297","0.088555025344398","","","","","","","","0.068576558413512"
"Aug-23","4.11","11.35","6.72","13.25","8.4149731876482","12.442757837505","0.084149731876482","","","","","","","","0.016807590304179"
"Sep-23","4.04","11.2","6.66","12.75","8.0397537802337","12.00027923947","","","","","","","","","0.016638735309008"
"Oct-23","4","11.1","6.60","12.75","8.0782079241415","12.00027923947","","","","","","","","",""
"","3.25","","","6.50","3.0991753308338","6.2974799161388","","","","","","","","",""
"","3.25","","","6.50","3.0991753308338","6.2974799161388","","","","","","","","",""
"","3.25","","","6.50","3.0991753308338","6.2974799161388","","","","","","","","",""
"","3.25","","","6.50","3.0991753308338","6.2974799161388","","","","","","","","",""
"","3.25","","","6.50","3.0991753308338","6.2974799161388","","","","","","","","",""
"","3.25","","","6.50","3.0991753308338","6.2974799161388","","","","","","","","",""
"","3","","","6.50","3.3415996919844","6.2974799161388","","","","","","","","",""
"","3","","","6.50","3.3415996919844","6.2974799161388","","","","","","","","",""
"","3","","","6.50","3.3415996919844","6.2974799161388","","","","","","","","",""
"","3","","","6.50","3.3415996919844","6.2974799161388","","","","","","","","",""
"","3","","","","-2.9558802241544","0","","","","","","","","",""
